motif_id	motif_alt_id	sequence_name	start	stop	strand	score	p-value	q-value	matched_sequence
Up3	Up3Manual	DENIS_1075	35	58	+	19.0204	1.33e-07	0.0996	TCACATTTTCCGAAAACGTGCGAC
Up3	Up3Manual	DENIS_1077	5	28	+	18.6939	2.51e-07	0.0996	TCACATTCTGATTTTTATTACGAC
Up3	Up3Manual	DENIS_0717	34	57	+	16.3163	2.09e-06	0.552	CAACATTCCACCACATCAGGCGAC
Up3	Up3Manual	DENIS_3089	11	34	+	15.6224	4.01e-06	0.796	TCACAATGTATGAAATCACACCAC
Up3	Up3Manual	DENIS_4103	21	44	-	13.8673	1.08e-05	1	TCACATCCCAGCGTCCCGGCCGAT
Up3	Up3Manual	DENIS_3478	25	48	+	13.7449	1.15e-05	1	TCACATCACAATGGCAGCGGCCAC
Up3	Up3Manual	DENIS_0717	24	47	+	13.6939	1.18e-05	1	TAACAATTTTCAACATTCCACCAC
Up3	Up3Manual	DENIS_1114	32	55	-	13.4082	1.38e-05	1	CAACATTTCGTCAAGACATGCGAT
Up3	Up3Manual	DENIS_4298	47	70	-	13.398	1.39e-05	1	TAACATTGGGATAACAGCTCTGAC
Up3	Up3Manual	DENIS_1627	54	77	-	13.2449	1.51e-05	1	TCCCATATATTGTTCTTTGACGAC
Up3	Up3Manual	DENIS_1525	61	84	-	12.7959	1.92e-05	1	TCACATCATAATCATAATACCGAT
Up3	Up3Manual	DENIS_4414	74	97	-	12.6633	2.06e-05	1	TCACATTCCCTTCTTTTTGTTGAT
Up3	Up3Manual	DENIS_4788	28	51	-	12.6531	2.07e-05	1	TCACATAGAAAATTTACCTATGAC
Up3	Up3Manual	DENIS_2026	40	63	-	12.3367	2.42e-05	1	TCACAAAACAGAGAACAGCCTGAC
Up3	Up3Manual	DENIS_1783	4	27	+	11.7449	3.08e-05	1	CCACATTCTCCCTTATTTTCTGAT
Up3	Up3Manual	DENIS_1728	71	94	-	11.3265	3.54e-05	1	CCCCAATGAACCATCTCATACGAT
Up3	Up3Manual	DENIS_4603	62	85	+	11.3163	3.55e-05	1	TCCCAATTAACGAATCCCGATGAC
Up3	Up3Manual	DENIS_1340	41	64	+	11.1633	3.73e-05	1	TAACAATGCCGACAAAAGCACCAT
Up3	Up3Manual	DENIS_4972	42	65	-	11.1633	3.73e-05	1	CCACAATTCGGAGTTTTATATCAC
Up3	Up3Manual	DENIS_0052	13	36	+	11.1327	3.76e-05	1	TACCATTTCTTTCACTGCCTCGAT
Up3	Up3Manual	DENIS_4475	12	35	+	10.949	4e-05	1	CACCATTGGGAGGCGCACGGCCAC
Up3	Up3Manual	DENIS_1962	12	35	+	10.6837	4.38e-05	1	TACCAATTCCCGCGTCGGAACGAT
Up3	Up3Manual	DENIS_1665	26	49	+	10.2551	5.22e-05	1	TCACATTTGCCTTTTGTCACCGCC
Up3	Up3Manual	DENIS_1733	73	96	+	10.2347	5.26e-05	1	TAACAAAGGAAAAGGCGATATGAC
Up3	Up3Manual	DENIS_4886	43	66	+	10.1735	5.43e-05	1	TCACATTCTTATGTCCGATCGGAC
Up3	Up3Manual	DENIS_2970	14	37	-	9.93878	6.07e-05	1	CAACAACACAGCGGTTTTTACCAC
Up3	Up3Manual	DENIS_3226	61	84	-	9.82653	6.37e-05	1	TCCCATATGACGGAATACCCAGAC
Up3	Up3Manual	DENIS_3544	14	37	+	9.77551	6.5e-05	1	TCCCAACGGATGGCGGCAGGCGAT
Up3	Up3Manual	DENIS_2889	14	37	-	9.7449	6.59e-05	1	TCACAAAGCCCCGGAACAAAAGAT
Up3	Up3Manual	DENIS_3578	74	97	+	9.73469	6.61e-05	1	TCACATCAGAAACAGGAAGGACAC
Up3	Up3Manual	DENIS_3095	74	97	-	9.53061	7.21e-05	1	TTACAATTGTCGCTATTTCACGAC
Up3	Up3Manual	DENIS_1088	76	99	+	9.5	7.29e-05	1	TCACATCAGAAATGAGGGACTGAT
Up3	Up3Manual	DENIS_2499	73	96	+	9.46939	7.39e-05	1	TCACAAATCAGAATATGAGGAGAT
Up3	Up3Manual	DENIS_4295	13	36	-	9.20408	8.22e-05	1	CAACAATATCATTGAGATCCACAC
Up3	Up3Manual	DENIS_0858	54	77	-	9.17347	8.3e-05	1	TCCCATCGGAAAACCGGCACTGAC
Up3	Up3Manual	DENIS_3125	52	75	-	9.14286	8.39e-05	1	TCCCAAATTCAGCCCGGAAATGAC
Up3	Up3Manual	DENIS_0279	6	29	+	9.10204	8.5e-05	1	TCCCAAAACCGGTGACAAAGTGAC
Up3	Up3Manual	DENIS_1523	16	39	-	8.97959	8.81e-05	1	TCATAATGATACTTTATCAGCGAC
Up3	Up3Manual	DENIS_0513	24	47	-	8.85714	9.11e-05	1	TCACAACAGCCACAACCTATTGAT
Up3	Up3Manual	DENIS_1464	11	34	-	8.84694	9.14e-05	1	TCATAATAGATAATTTTCAGCGAC
Up3	Up3Manual	DENIS_1472	21	44	+	8.82653	9.18e-05	1	CCCCAAATTTCGTTTTATAACGAT
Up3	Up3Manual	DENIS_1975	46	69	+	8.69388	9.52e-05	1	CCCCATCGGAGAGGCGCGGGAGAC
Up3	Up3Manual	DENIS_4378	67	90	+	8.66327	9.6e-05	1	TAACAAAACCTTACAACTTTCCAT
Up3	Up3Manual	DENIS_3258	73	96	-	8.56122	9.87e-05	1	CCCCATTCTGTTGCTGATTCTGAT

# FIMO (Find Individual Motif Occurrences): Version 5.4.1 compiled on Aug 25 2021 at 17:37:39
# The format of this file is described at https://meme-suite.org/meme/doc/fimo-output-format.html.
# fimo --oc . --verbosity 1 --thresh 1.0E-4 DiPromotersMotif.meme DiPromoters.fasta
