,sequence_name,start,stop,strand,score,p-value,q-value,matched_sequence
0,DENIS_1075,35.0,58.0,+,19.0204,1.33e-07,0.0996,TCACATTTTCCGAAAACGTGCGAC
1,DENIS_1077,5.0,28.0,+,18.6939,2.51e-07,0.0996,TCACATTCTGATTTTTATTACGAC
2,DENIS_0717,34.0,57.0,+,16.3163,2.09e-06,0.552,CAACATTCCACCACATCAGGCGAC
3,DENIS_3089,11.0,34.0,+,15.6224,4.01e-06,0.7959999999999999,TCACAATGTATGAAATCACACCAC
4,DENIS_4103,21.0,44.0,-,13.8673,1.0800000000000002e-05,1.0,TCACATCCCAGCGTCCCGGCCGAT
5,DENIS_3478,25.0,48.0,+,13.7449,1.15e-05,1.0,TCACATCACAATGGCAGCGGCCAC
6,DENIS_0717,24.0,47.0,+,13.6939,1.18e-05,1.0,TAACAATTTTCAACATTCCACCAC
7,DENIS_1114,32.0,55.0,-,13.4082,1.3800000000000002e-05,1.0,CAACATTTCGTCAAGACATGCGAT
8,DENIS_4298,47.0,70.0,-,13.398,1.39e-05,1.0,TAACATTGGGATAACAGCTCTGAC
9,DENIS_1627,54.0,77.0,-,13.2449,1.51e-05,1.0,TCCCATATATTGTTCTTTGACGAC
10,DENIS_1525,61.0,84.0,-,12.7959,1.92e-05,1.0,TCACATCATAATCATAATACCGAT
11,DENIS_4414,74.0,97.0,-,12.6633,2.0600000000000003e-05,1.0,TCACATTCCCTTCTTTTTGTTGAT
12,DENIS_4788,28.0,51.0,-,12.6531,2.07e-05,1.0,TCACATAGAAAATTTACCTATGAC
13,DENIS_2026,40.0,63.0,-,12.3367,2.42e-05,1.0,TCACAAAACAGAGAACAGCCTGAC
14,DENIS_1783,4.0,27.0,+,11.7449,3.0799999999999996e-05,1.0,CCACATTCTCCCTTATTTTCTGAT
15,DENIS_1728,71.0,94.0,-,11.3265,3.54e-05,1.0,CCCCAATGAACCATCTCATACGAT
16,DENIS_4603,62.0,85.0,+,11.3163,3.5499999999999996e-05,1.0,TCCCAATTAACGAATCCCGATGAC
17,DENIS_1340,41.0,64.0,+,11.1633,3.73e-05,1.0,TAACAATGCCGACAAAAGCACCAT
18,DENIS_4972,42.0,65.0,-,11.1633,3.73e-05,1.0,CCACAATTCGGAGTTTTATATCAC
19,DENIS_0052,13.0,36.0,+,11.1327,3.76e-05,1.0,TACCATTTCTTTCACTGCCTCGAT
20,DENIS_4475,12.0,35.0,+,10.949000000000002,4e-05,1.0,CACCATTGGGAGGCGCACGGCCAC
21,DENIS_1962,12.0,35.0,+,10.6837,4.3799999999999994e-05,1.0,TACCAATTCCCGCGTCGGAACGAT
22,DENIS_1665,26.0,49.0,+,10.2551,5.22e-05,1.0,TCACATTTGCCTTTTGTCACCGCC
23,DENIS_1733,73.0,96.0,+,10.2347,5.2600000000000005e-05,1.0,TAACAAAGGAAAAGGCGATATGAC
24,DENIS_4886,43.0,66.0,+,10.1735,5.429999999999999e-05,1.0,TCACATTCTTATGTCCGATCGGAC
25,DENIS_2970,14.0,37.0,-,9.93878,6.07e-05,1.0,CAACAACACAGCGGTTTTTACCAC
26,DENIS_3226,61.0,84.0,-,9.82653,6.37e-05,1.0,TCCCATATGACGGAATACCCAGAC
27,DENIS_3544,14.0,37.0,+,9.77551,6.500000000000001e-05,1.0,TCCCAACGGATGGCGGCAGGCGAT
28,DENIS_2889,14.0,37.0,-,9.7449,6.59e-05,1.0,TCACAAAGCCCCGGAACAAAAGAT
29,DENIS_3578,74.0,97.0,+,9.734689999999999,6.61e-05,1.0,TCACATCAGAAACAGGAAGGACAC
30,DENIS_3095,74.0,97.0,-,9.530610000000001,7.209999999999999e-05,1.0,TTACAATTGTCGCTATTTCACGAC
31,DENIS_1088,76.0,99.0,+,9.5,7.290000000000001e-05,1.0,TCACATCAGAAATGAGGGACTGAT
32,DENIS_2499,73.0,96.0,+,9.469389999999999,7.390000000000001e-05,1.0,TCACAAATCAGAATATGAGGAGAT
33,DENIS_4295,13.0,36.0,-,9.204080000000001,8.22e-05,1.0,CAACAATATCATTGAGATCCACAC
34,DENIS_0858,54.0,77.0,-,9.17347,8.3e-05,1.0,TCCCATCGGAAAACCGGCACTGAC
35,DENIS_3125,52.0,75.0,-,9.14286,8.39e-05,1.0,TCCCAAATTCAGCCCGGAAATGAC
36,DENIS_0279,6.0,29.0,+,9.102039999999999,8.499999999999999e-05,1.0,TCCCAAAACCGGTGACAAAGTGAC
37,DENIS_1523,16.0,39.0,-,8.97959,8.809999999999999e-05,1.0,TCATAATGATACTTTATCAGCGAC
38,DENIS_0513,24.0,47.0,-,8.85714,9.109999999999999e-05,1.0,TCACAACAGCCACAACCTATTGAT
39,DENIS_1464,11.0,34.0,-,8.84694,9.14e-05,1.0,TCATAATAGATAATTTTCAGCGAC
40,DENIS_1472,21.0,44.0,+,8.82653,9.18e-05,1.0,CCCCAAATTTCGTTTTATAACGAT
41,DENIS_1975,46.0,69.0,+,8.69388,9.520000000000001e-05,1.0,CCCCATCGGAGAGGCGCGGGAGAC
42,DENIS_4378,67.0,90.0,+,8.663269999999999,9.6e-05,1.0,TAACAAAACCTTACAACTTTCCAT
43,DENIS_3258,73.0,96.0,-,8.56122,9.87e-05,1.0,CCCCATTCTGTTGCTGATTCTGAT
